experiment_id,design_id,condition_id,timestamp,span_m,root_chord_m,tip_chord_m,taper_ratio,sweep_deg,twist_deg,airfoil_id,wing_area_m2,aspect_ratio,mean_aerodynamic_chord_m,velocity_mps,aoa_deg,air_density,CL,CD,LD,solver_name,solver_status,iterations,residual_final,runtime_sec,config_hash,seed,experiment_tag
baseline_phase1_20260609T045424Z_7bf104ac3199,wing_000000,v15_a-5,2026-06-09T04:54:26.484918+00:00,1.5117721684859562,0.2677346791385691,0.24744169407808397,0.9242048690674761,23.671374905182653,2.2259112887774606,NACA2412,0.3894146514452349,5.8689499250393355,0.2577214112876384,15.0,-5.0,1.225,-0.13862567790665697,0.008426191110875616,-16.451760479029957,panel2d,converged,160,0.0,3.5699980799108744e-05,7bf104ac3199,42,phase1
baseline_phase1_20260609T045424Z_7bf104ac3199,wing_000000,v15_a0,2026-06-09T04:54:26.484941+00:00,1.5117721684859562,0.2677346791385691,0.24744169407808397,0.9242048690674761,23.671374905182653,2.2259112887774606,NACA2412,0.3894146514452349,5.8689499250393355,0.2577214112876384,15.0,0.0,1.225,0.22868332968090446,0.01053687402703535,21.703147356051925,panel2d,converged,160,0.0,2.3300002794712782e-05,7bf104ac3199,42,phase1
baseline_phase1_20260609T045424Z_7bf104ac3199,wing_000000,v15_a5,2026-06-09T04:54:26.484948+00:00,1.5117721684859562,0.2677346791385691,0.24744169407808397,0.9242048690674761,23.671374905182653,2.2259112887774606,NACA2412,0.3894146514452349,5.8689499250393355,0.2577214112876384,15.0,5.0,1.225,0.5959923372684659,0.029864813489258964,19.95633883609612,panel2d,converged,160,0.0,2.300000051036477e-05,7bf104ac3199,42,phase1
baseline_phase1_20260609T045424Z_7bf104ac3199,wing_000000,v15_a10,2026-06-09T04:54:26.484952+00:00,1.5117721684859562,0.2677346791385691,0.24744169407808397,0.9242048690674761,23.671374905182653,2.2259112887774606,NACA2412,0.3894146514452349,5.8689499250393355,0.2577214112876384,15.0,10.0,1.225,0.9633013448560275,0.06641000949754648,14.505363756823686,panel2d,converged,160,0.0,1.6900012269616127e-05,7bf104ac3199,42,phase1
baseline_phase1_20260609T045424Z_7bf104ac3199,wing_000000,v15_a15,2026-06-09T04:54:26.484957+00:00,1.5117721684859562,0.2677346791385691,0.24744169407808397,0.9242048690674761,23.671374905182653,2.2259112887774606,NACA2412,0.3894146514452349,5.8689499250393355,0.2577214112876384,15.0,15.0,1.225,1.3306103524435888,0.12017246205189784,11.072506377284254,panel2d,converged,160,0.0,1.7899961676448584e-05,7bf104ac3199,42,phase1
baseline_phase1_20260609T045424Z_7bf104ac3199,wing_000000,v20_a-5,2026-06-09T04:54:26.484961+00:00,1.5117721684859562,0.2677346791385691,0.24744169407808397,0.9242048690674761,23.671374905182653,2.2259112887774606,NACA2412,0.3894146514452349,5.8689499250393355,0.2577214112876384,20.0,-5.0,1.225,-0.13862567790665697,0.008426191110875616,-16.451760479029957,panel2d,converged,160,0.0,2.039998071268201e-05,7bf104ac3199,42,phase1
baseline_phase1_20260609T045424Z_7bf104ac3199,wing_000000,v20_a0,2026-06-09T04:54:26.484965+00:00,1.5117721684859562,0.2677346791385691,0.24744169407808397,0.9242048690674761,23.671374905182653,2.2259112887774606,NACA2412,0.3894146514452349,5.8689499250393355,0.2577214112876384,20.0,0.0,1.225,0.22868332968090446,0.01053687402703535,21.703147356051925,panel2d,converged,160,0.0,1.899997005239129e-05,7bf104ac3199,42,phase1
baseline_phase1_20260609T045424Z_7bf104ac3199,wing_000000,v20_a5,2026-06-09T04:54:26.484968+00:00,1.5117721684859562,0.2677346791385691,0.24744169407808397,0.9242048690674761,23.671374905182653,2.2259112887774606,NACA2412,0.3894146514452349,5.8689499250393355,0.2577214112876384,20.0,5.0,1.225,0.5959923372684659,0.029864813489258964,19.95633883609612,panel2d,converged,160,0.0,2.5200017262250185e-05,7bf104ac3199,42,phase1
baseline_phase1_20260609T045424Z_7bf104ac3199,wing_000000,v20_a10,2026-06-09T04:54:26.484971+00:00,1.5117721684859562,0.2677346791385691,0.24744169407808397,0.9242048690674761,23.671374905182653,2.2259112887774606,NACA2412,0.3894146514452349,5.8689499250393355,0.2577214112876384,20.0,10.0,1.225,0.9633013448560275,0.06641000949754648,14.505363756823686,panel2d,converged,160,0.0,2.0599982235580683e-05,7bf104ac3199,42,phase1
baseline_phase1_20260609T045424Z_7bf104ac3199,wing_000000,v20_a15,2026-06-09T04:54:26.484975+00:00,1.5117721684859562,0.2677346791385691,0.24744169407808397,0.9242048690674761,23.671374905182653,2.2259112887774606,NACA2412,0.3894146514452349,5.8689499250393355,0.2577214112876384,20.0,15.0,1.225,1.3306103524435888,0.12017246205189784,11.072506377284254,panel2d,converged,160,0.0,2.3500004317611456e-05,7bf104ac3199,42,phase1
baseline_phase1_20260609T045424Z_7bf104ac3199,wing_000000,v25_a-5,2026-06-09T04:54:26.484978+00:00,1.5117721684859562,0.2677346791385691,0.24744169407808397,0.9242048690674761,23.671374905182653,2.2259112887774606,NACA2412,0.3894146514452349,5.8689499250393355,0.2577214112876384,25.0,-5.0,1.225,-0.13862567790665697,0.008426191110875616,-16.451760479029957,panel2d,converged,160,0.0,2.19999928958714e-05,7bf104ac3199,42,phase1
baseline_phase1_20260609T045424Z_7bf104ac3199,wing_000000,v25_a0,2026-06-09T04:54:26.484982+00:00,1.5117721684859562,0.2677346791385691,0.24744169407808397,0.9242048690674761,23.671374905182653,2.2259112887774606,NACA2412,0.3894146514452349,5.8689499250393355,0.2577214112876384,25.0,0.0,1.225,0.22868332968090446,0.01053687402703535,21.703147356051925,panel2d,converged,160,0.0,2.0799983758479357e-05,7bf104ac3199,42,phase1
baseline_phase1_20260609T045424Z_7bf104ac3199,wing_000000,v25_a5,2026-06-09T04:54:26.484985+00:00,1.5117721684859562,0.2677346791385691,0.24744169407808397,0.9242048690674761,23.671374905182653,2.2259112887774606,NACA2412,0.3894146514452349,5.8689499250393355,0.2577214112876384,25.0,5.0,1.225,0.5959923372684659,0.029864813489258964,19.95633883609612,panel2d,converged,160,0.0,1.8900027498602867e-05,7bf104ac3199,42,phase1
baseline_phase1_20260609T045424Z_7bf104ac3199,wing_000000,v25_a10,2026-06-09T04:54:26.484989+00:00,1.5117721684859562,0.2677346791385691,0.24744169407808397,0.9242048690674761,23.671374905182653,2.2259112887774606,NACA2412,0.3894146514452349,5.8689499250393355,0.2577214112876384,25.0,10.0,1.225,0.9633013448560275,0.06641000949754648,14.505363756823686,panel2d,converged,160,0.0,1.9499973859637976e-05,7bf104ac3199,42,phase1
baseline_phase1_20260609T045424Z_7bf104ac3199,wing_000000,v25_a15,2026-06-09T04:54:26.484992+00:00,1.5117721684859562,0.2677346791385691,0.24744169407808397,0.9242048690674761,23.671374905182653,2.2259112887774606,NACA2412,0.3894146514452349,5.8689499250393355,0.2577214112876384,25.0,15.0,1.225,1.3306103524435888,0.12017246205189784,11.072506377284254,panel2d,converged,160,0.0,1.810002140700817e-05,7bf104ac3199,42,phase1
baseline_phase1_20260609T045424Z_7bf104ac3199,wing_000001,v15_a-5,2026-06-09T04:54:26.484996+00:00,1.0967445060694954,0.4049588637746755,0.1963452797888267,0.4848524068807044,21.375994132508435,-3.740797162811243,NACA2412,0.3297385079650471,3.6478860749898385,0.31271463831297736,15.0,-5.0,1.225,-0.310723504329139,0.017111471747334316,-18.158783120309014,panel2d,converged,160,0.0,3.389996709302068e-05,7bf104ac3199,42,phase1
baseline_phase1_20260609T045424Z_7bf104ac3199,wing_000001,v15_a0,2026-06-09T04:54:26.484999+00:00,1.0967445060694954,0.4049588637746755,0.1963452797888267,0.4848524068807044,21.375994132508435,-3.740797162811243,NACA2412,0.3297385079650471,3.6478860749898385,0.31271463831297736,15.0,0.0,1.225,0.008268359617510148,0.007207018247010993,1.1472649761833655,panel2d,converged,160,0.0,2.9699993319809437e-05,7bf104ac3199,42,phase1
baseline_phase1_20260609T045424Z_7bf104ac3199,wing_000001,v15_a5,2026-06-09T04:54:26.485002+00:00,1.0967445060694954,0.4049588637746755,0.1963452797888267,0.4848524068807044,21.375994132508435,-3.740797162811243,NACA2412,0.3297385079650471,3.6478860749898385,0.31271463831297736,15.0,5.0,1.225,0.3272602235641593,0.018194522702657437,17.98674408295199,panel2d,converged,160,0.0,2.0400038920342922e-05,7bf104ac3199,42,phase1
baseline_phase1_20260609T045424Z_7bf104ac3199,wing_000001,v15_a10,2026-06-09T04:54:26.485006+00:00,1.0967445060694954,0.4049588637746755,0.1963452797888267,0.4848524068807044,21.375994132508435,-3.740797162811243,NACA2412,0.3297385079650471,3.6478860749898385,0.31271463831297736,15.0,10.0,1.225,0.6462520875108084,0.05007398511427364,12.905944794207993,panel2d,converged,160,0.0,2.2199994418770075e-05,7bf104ac3199,42,phase1
baseline_phase1_20260609T045424Z_7bf104ac3199,wing_000001,v15_a15,2026-06-09T04:54:26.485009+00:00,1.0967445060694954,0.4049588637746755,0.1963452797888267,0.4848524068807044,21.375994132508435,-3.740797162811243,NACA2412,0.3297385079650471,3.6478860749898385,0.31271463831297736,15.0,15.0,1.225,0.9652439514574577,0.10284540548185964,9.385387192894212,panel2d,converged,160,0.0,3.779999678954482e-05,7bf104ac3199,42,phase1
baseline_phase1_20260609T045424Z_7bf104ac3199,wing_000001,v20_a-5,2026-06-09T04:54:26.485012+00:00,1.0967445060694954,0.4049588637746755,0.1963452797888267,0.4848524068807044,21.375994132508435,-3.740797162811243,NACA2412,0.3297385079650471,3.6478860749898385,0.31271463831297736,20.0,-5.0,1.225,-0.310723504329139,0.017111471747334316,-18.158783120309014,panel2d,converged,160,0.0,2.0199979189783335e-05,7bf104ac3199,42,phase1
baseline_phase1_20260609T045424Z_7bf104ac3199,wing_000001,v20_a0,2026-06-09T04:54:26.485015+00:00,1.0967445060694954,0.4049588637746755,0.1963452797888267,0.4848524068807044,21.375994132508435,-3.740797162811243,NACA2412,0.3297385079650471,3.6478860749898385,0.31271463831297736,20.0,0.0,1.225,0.008268359617510148,0.007207018247010993,1.1472649761833655,panel2d,converged,160,0.0,2.2199994418770075e-05,7bf104ac3199,42,phase1
baseline_phase1_20260609T045424Z_7bf104ac3199,wing_000001,v20_a5,2026-06-09T04:54:26.485018+00:00,1.0967445060694954,0.4049588637746755,0.1963452797888267,0.4848524068807044,21.375994132508435,-3.740797162811243,NACA2412,0.3297385079650471,3.6478860749898385,0.31271463831297736,20.0,5.0,1.225,0.3272602235641593,0.018194522702657437,17.98674408295199,panel2d,converged,160,0.0,2.4300010409206152e-05,7bf104ac3199,42,phase1
baseline_phase1_20260609T045424Z_7bf104ac3199,wing_000001,v20_a10,2026-06-09T04:54:26.485021+00:00,1.0967445060694954,0.4049588637746755,0.1963452797888267,0.4848524068807044,21.375994132508435,-3.740797162811243,NACA2412,0.3297385079650471,3.6478860749898385,0.31271463831297736,20.0,10.0,1.225,0.6462520875108084,0.05007398511427364,12.905944794207993,panel2d,converged,160,0.0,1.939997309818864e-05,7bf104ac3199,42,phase1
baseline_phase1_20260609T045424Z_7bf104ac3199,wing_000001,v20_a15,2026-06-09T04:54:26.485024+00:00,1.0967445060694954,0.4049588637746755,0.1963452797888267,0.4848524068807044,21.375994132508435,-3.740797162811243,NACA2412,0.3297385079650471,3.6478860749898385,0.31271463831297736,20.0,15.0,1.225,0.9652439514574577,0.10284540548185964,9.385387192894212,panel2d,converged,160,0.0,1.7700018361210823e-05,7bf104ac3199,42,phase1
baseline_phase1_20260609T045424Z_7bf104ac3199,wing_000001,v25_a-5,2026-06-09T04:54:26.485027+00:00,1.0967445060694954,0.4049588637746755,0.1963452797888267,0.4848524068807044,21.375994132508435,-3.740797162811243,NACA2412,0.3297385079650471,3.6478860749898385,0.31271463831297736,25.0,-5.0,1.225,-0.310723504329139,0.017111471747334316,-18.158783120309014,panel2d,converged,160,0.0,2.5399960577487946e-05,7bf104ac3199,42,phase1
baseline_phase1_20260609T045424Z_7bf104ac3199,wing_000001,v25_a0,2026-06-09T04:54:26.485031+00:00,1.0967445060694954,0.4049588637746755,0.1963452797888267,0.4848524068807044,21.375994132508435,-3.740797162811243,NACA2412,0.3297385079650471,3.6478860749898385,0.31271463831297736,25.0,0.0,1.225,0.008268359617510148,0.007207018247010993,1.1472649761833655,panel2d,converged,160,0.0,1.7900019884109497e-05,7bf104ac3199,42,phase1
baseline_phase1_20260609T045424Z_7bf104ac3199,wing_000001,v25_a5,2026-06-09T04:54:26.485034+00:00,1.0967445060694954,0.4049588637746755,0.1963452797888267,0.4848524068807044,21.375994132508435,-3.740797162811243,NACA2412,0.3297385079650471,3.6478860749898385,0.31271463831297736,25.0,5.0,1.225,0.3272602235641593,0.018194522702657437,17.98674408295199,panel2d,converged,160,0.0,2.269999822601676e-05,7bf104ac3199,42,phase1
baseline_phase1_20260609T045424Z_7bf104ac3199,wing_000001,v25_a10,2026-06-09T04:54:26.485037+00:00,1.0967445060694954,0.4049588637746755,0.1963452797888267,0.4848524068807044,21.375994132508435,-3.740797162811243,NACA2412,0.3297385079650471,3.6478860749898385,0.31271463831297736,25.0,10.0,1.225,0.6462520875108084,0.05007398511427364,12.905944794207993,panel2d,converged,160,0.0,2.0599982235580683e-05,7bf104ac3199,42,phase1
baseline_phase1_20260609T045424Z_7bf104ac3199,wing_000001,v25_a15,2026-06-09T04:54:26.485040+00:00,1.0967445060694954,0.4049588637746755,0.1963452797888267,0.4848524068807044,21.375994132508435,-3.740797162811243,NACA2412,0.3297385079650471,3.6478860749898385,0.31271463831297736,25.0,15.0,1.225,0.9652439514574577,0.10284540548185964,9.385387192894212,panel2d,converged,160,0.0,2.8399983420968056e-05,7bf104ac3199,42,phase1
baseline_phase1_20260609T045424Z_7bf104ac3199,wing_000002,v15_a-5,2026-06-09T04:54:26.485043+00:00,1.3573247399889228,0.1859958205805988,0.14857154662711086,0.7987897048618325,12.88931969577124,4.460926494941118,NACA2412,0.22705828235199146,8.113909920845654,0.1679813887689037,15.0,-5.0,1.225,-0.06413343144132959,0.007389832240850831,-8.678604513753557,panel2d,converged,160,0.0,1.9200029782950878e-05,7bf104ac3199,42,phase1
baseline_phase1_20260609T045424Z_7bf104ac3199,wing_000002,v15_a0,2026-06-09T04:54:26.485046+00:00,1.3573247399889228,0.1859958205805988,0.14857154662711086,0.7987897048618325,12.88931969577124,4.460926494941118,NACA2412,0.22705828235199146,8.113909920845654,0.1679813887689037,15.0,0.0,1.225,0.35256811809821603,0.01293702965376514,27.252632755279034,panel2d,converged,160,0.0,1.7900019884109497e-05,7bf104ac3199,42,phase1
baseline_phase1_20260609T045424Z_7bf104ac3199,wing_000002,v15_a5,2026-06-09T04:54:26.485049+00:00,1.3573247399889228,0.1859958205805988,0.14857154662711086,0.7987897048618325,12.88931969577124,4.460926494941118,NACA2412,0.22705828235199146,8.113909920845654,0.1679813887689037,15.0,5.0,1.225,0.7692696676377618,0.03451229764553376,22.289726274927194,panel2d,converged,160,0.0,1.9499973859637976e-05,7bf104ac3199,42,phase1
baseline_phase1_20260609T045424Z_7bf104ac3199,wing_000002,v15_a10,2026-06-09T04:54:26.485052+00:00,1.3573247399889228,0.1859958205805988,0.14857154662711086,0.7987897048618325,12.88931969577124,4.460926494941118,NACA2412,0.22705828235199146,8.113909920845654,0.1679813887689037,15.0,10.0,1.225,1.1859712171773076,0.0721156362161567,16.44541016905851,panel2d,converged,160,0.0,3.3400021493434906e-05,7bf104ac3199,42,phase1
baseline_phase1_20260609T045424Z_7bf104ac3199,wing_000002,v15_a15,2026-06-09T04:54:26.485055+00:00,1.3573247399889228,0.1859958205805988,0.14857154662711086,0.7987897048618325,12.88931969577124,4.460926494941118,NACA2412,0.22705828235199146,8.113909920845654,0.1679813887689037,15.0,15.0,1.225,1.4,0.09766010572932504,14.335433998814652,panel2d,stall_limited,160,0.0,2.6200024876743555e-05,7bf104ac3199,42,phase1
baseline_phase1_20260609T045424Z_7bf104ac3199,wing_000002,v20_a-5,2026-06-09T04:54:26.485058+00:00,1.3573247399889228,0.1859958205805988,0.14857154662711086,0.7987897048618325,12.88931969577124,4.460926494941118,NACA2412,0.22705828235199146,8.113909920845654,0.1679813887689037,20.0,-5.0,1.225,-0.06413343144132959,0.007389832240850831,-8.678604513753557,panel2d,converged,160,0.0,1.9199971575289965e-05,7bf104ac3199,42,phase1
baseline_phase1_20260609T045424Z_7bf104ac3199,wing_000002,v20_a0,2026-06-09T04:54:26.485062+00:00,1.3573247399889228,0.1859958205805988,0.14857154662711086,0.7987897048618325,12.88931969577124,4.460926494941118,NACA2412,0.22705828235199146,8.113909920845654,0.1679813887689037,20.0,0.0,1.225,0.35256811809821603,0.01293702965376514,27.252632755279034,panel2d,converged,160,0.0,2.0000035874545574e-05,7bf104ac3199,42,phase1
baseline_phase1_20260609T045424Z_7bf104ac3199,wing_000002,v20_a5,2026-06-09T04:54:26.485064+00:00,1.3573247399889228,0.1859958205805988,0.14857154662711086,0.7987897048618325,12.88931969577124,4.460926494941118,NACA2412,0.22705828235199146,8.113909920845654,0.1679813887689037,20.0,5.0,1.225,0.7692696676377618,0.03451229764553376,22.289726274927194,panel2d,converged,160,0.0,1.9400031305849552e-05,7bf104ac3199,42,phase1
baseline_phase1_20260609T045424Z_7bf104ac3199,wing_000002,v20_a10,2026-06-09T04:54:26.485067+00:00,1.3573247399889228,0.1859958205805988,0.14857154662711086,0.7987897048618325,12.88931969577124,4.460926494941118,NACA2412,0.22705828235199146,8.113909920845654,0.1679813887689037,20.0,10.0,1.225,1.1859712171773076,0.0721156362161567,16.44541016905851,panel2d,converged,160,0.0,1.9000028260052204e-05,7bf104ac3199,42,phase1
baseline_phase1_20260609T045424Z_7bf104ac3199,wing_000002,v20_a15,2026-06-09T04:54:26.485070+00:00,1.3573247399889228,0.1859958205805988,0.14857154662711086,0.7987897048618325,12.88931969577124,4.460926494941118,NACA2412,0.22705828235199146,8.113909920845654,0.1679813887689037,20.0,15.0,1.225,1.4,0.09766010572932504,14.335433998814652,panel2d,stall_limited,160,0.0,1.850002445280552e-05,7bf104ac3199,42,phase1
baseline_phase1_20260609T045424Z_7bf104ac3199,wing_000002,v25_a-5,2026-06-09T04:54:26.485073+00:00,1.3573247399889228,0.1859958205805988,0.14857154662711086,0.7987897048618325,12.88931969577124,4.460926494941118,NACA2412,0.22705828235199146,8.113909920845654,0.1679813887689037,25.0,-5.0,1.225,-0.06413343144132959,0.007389832240850831,-8.678604513753557,panel2d,converged,160,0.0,1.9300030544400215e-05,7bf104ac3199,42,phase1
baseline_phase1_20260609T045424Z_7bf104ac3199,wing_000002,v25_a0,2026-06-09T04:54:26.485076+00:00,1.3573247399889228,0.1859958205805988,0.14857154662711086,0.7987897048618325,12.88931969577124,4.460926494941118,NACA2412,0.22705828235199146,8.113909920845654,0.1679813887689037,25.0,0.0,1.225,0.35256811809821603,0.01293702965376514,27.252632755279034,panel2d,converged,160,0.0,2.5800021830946207e-05,7bf104ac3199,42,phase1
baseline_phase1_20260609T045424Z_7bf104ac3199,wing_000002,v25_a5,2026-06-09T04:54:26.485080+00:00,1.3573247399889228,0.1859958205805988,0.14857154662711086,0.7987897048618325,12.88931969577124,4.460926494941118,NACA2412,0.22705828235199146,8.113909920845654,0.1679813887689037,25.0,5.0,1.225,0.7692696676377618,0.03451229764553376,22.289726274927194,panel2d,converged,160,0.0,1.7900019884109497e-05,7bf104ac3199,42,phase1
baseline_phase1_20260609T045424Z_7bf104ac3199,wing_000002,v25_a10,2026-06-09T04:54:26.485083+00:00,1.3573247399889228,0.1859958205805988,0.14857154662711086,0.7987897048618325,12.88931969577124,4.460926494941118,NACA2412,0.22705828235199146,8.113909920845654,0.1679813887689037,25.0,10.0,1.225,1.1859712171773076,0.0721156362161567,16.44541016905851,panel2d,converged,160,0.0,2.0299979951232672e-05,7bf104ac3199,42,phase1
baseline_phase1_20260609T045424Z_7bf104ac3199,wing_000002,v25_a15,2026-06-09T04:54:26.485085+00:00,1.3573247399889228,0.1859958205805988,0.14857154662711086,0.7987897048618325,12.88931969577124,4.460926494941118,NACA2412,0.22705828235199146,8.113909920845654,0.1679813887689037,25.0,15.0,1.225,1.4,0.09766010572932504,14.335433998814652,panel2d,stall_limited,160,0.0,1.8900027498602867e-05,7bf104ac3199,42,phase1
baseline_phase1_20260609T045424Z_7bf104ac3199,wing_000003,v15_a-5,2026-06-09T04:54:26.485089+00:00,1.9732580381596192,0.30551308443194275,0.27893204244181724,0.9129954056156085,4.600910058940816,3.0736447194229264,NACA0012,0.5766305222334327,6.7525861622449375,0.29242405135558913,15.0,-5.0,1.225,-0.2809681505984615,0.011577994915390171,-24.26742736127666,panel2d,converged,160,0.0,1.9300030544400215e-05,7bf104ac3199,42,phase1
baseline_phase1_20260609T045424Z_7bf104ac3199,wing_000003,v15_a0,2026-06-09T04:54:26.485092+00:00,1.9732580381596192,0.30551308443194275,0.27893204244181724,0.9129954056156085,4.600910058940816,3.0736447194229264,NACA0012,0.5766305222334327,6.7525861622449375,0.29242405135558913,15.0,0.0,1.225,0.12468264150911929,0.008062130592805654,15.465222260277134,panel2d,converged,160,0.0,1.850002445280552e-05,7bf104ac3199,42,phase1
baseline_phase1_20260609T045424Z_7bf104ac3199,wing_000003,v15_a5,2026-06-09T04:54:26.485095+00:00,1.9732580381596192,0.30551308443194275,0.27893204244181724,0.9129954056156085,4.600910058940816,3.0736447194229264,NACA0012,0.5766305222334327,6.7525861622449375,0.29242405135558913,15.0,5.0,1.225,0.5303334336167,0.022797646781563152,23.26263928457694,panel2d,converged,160,0.0,1.869996776804328e-05,7bf104ac3199,42,phase1
baseline_phase1_20260609T045424Z_7bf104ac3199,wing_000003,v15_a10,2026-06-09T04:54:26.485098+00:00,1.9732580381596192,0.30551308443194275,0.27893204244181724,0.9129954056156085,4.600910058940816,3.0736447194229264,NACA0012,0.5766305222334327,6.7525861622449375,0.29242405135558913,15.0,10.0,1.225,0.9359842257242807,0.05578454348166265,16.778558491420746,panel2d,converged,160,0.0,1.969997538253665e-05,7bf104ac3199,42,phase1
baseline_phase1_20260609T045424Z_7bf104ac3199,wing_000003,v15_a15,2026-06-09T04:54:26.485100+00:00,1.9732580381596192,0.30551308443194275,0.27893204244181724,0.9129954056156085,4.600910058940816,3.0736447194229264,NACA0012,0.5766305222334327,6.7525861622449375,0.29242405135558913,15.0,15.0,1.225,1.3416350178318617,0.1070228206931042,12.535971385757984,panel2d,converged,160,0.0,1.880002673715353e-05,7bf104ac3199,42,phase1
baseline_phase1_20260609T045424Z_7bf104ac3199,wing_000003,v20_a-5,2026-06-09T04:54:26.485103+00:00,1.9732580381596192,0.30551308443194275,0.27893204244181724,0.9129954056156085,4.600910058940816,3.0736447194229264,NACA0012,0.5766305222334327,6.7525861622449375,0.29242405135558913,20.0,-5.0,1.225,-0.2809681505984615,0.011577994915390171,-24.26742736127666,panel2d,converged,160,0.0,1.729995710775256e-05,7bf104ac3199,42,phase1
baseline_phase1_20260609T045424Z_7bf104ac3199,wing_000003,v20_a0,2026-06-09T04:54:26.485106+00:00,1.9732580381596192,0.30551308443194275,0.27893204244181724,0.9129954056156085,4.600910058940816,3.0736447194229264,NACA0012,0.5766305222334327,6.7525861622449375,0.29242405135558913,20.0,0.0,1.225,0.12468264150911929,0.008062130592805654,15.465222260277134,panel2d,converged,160,0.0,3.559998003765941e-05,7bf104ac3199,42,phase1
baseline_phase1_20260609T045424Z_7bf104ac3199,wing_000003,v20_a5,2026-06-09T04:54:26.485109+00:00,1.9732580381596192,0.30551308443194275,0.27893204244181724,0.9129954056156085,4.600910058940816,3.0736447194229264,NACA0012,0.5766305222334327,6.7525861622449375,0.29242405135558913,20.0,5.0,1.225,0.5303334336167,0.022797646781563152,23.26263928457694,panel2d,converged,160,0.0,1.9200029782950878e-05,7bf104ac3199,42,phase1
baseline_phase1_20260609T045424Z_7bf104ac3199,wing_000003,v20_a10,2026-06-09T04:54:26.485112+00:00,1.9732580381596192,0.30551308443194275,0.27893204244181724,0.9129954056156085,4.600910058940816,3.0736447194229264,NACA0012,0.5766305222334327,6.7525861622449375,0.29242405135558913,20.0,10.0,1.225,0.9359842257242807,0.05578454348166265,16.778558491420746,panel2d,converged,160,0.0,2.239999594166875e-05,7bf104ac3199,42,phase1
baseline_phase1_20260609T045424Z_7bf104ac3199,wing_000003,v20_a15,2026-06-09T04:54:26.485115+00:00,1.9732580381596192,0.30551308443194275,0.27893204244181724,0.9129954056156085,4.600910058940816,3.0736447194229264,NACA0012,0.5766305222334327,6.7525861622449375,0.29242405135558913,20.0,15.0,1.225,1.3416350178318617,0.1070228206931042,12.535971385757984,panel2d,converged,160,0.0,1.9300030544400215e-05,7bf104ac3199,42,phase1
baseline_phase1_20260609T045424Z_7bf104ac3199,wing_000003,v25_a-5,2026-06-09T04:54:26.485118+00:00,1.9732580381596192,0.30551308443194275,0.27893204244181724,0.9129954056156085,4.600910058940816,3.0736447194229264,NACA0012,0.5766305222334327,6.7525861622449375,0.29242405135558913,25.0,-5.0,1.225,-0.2809681505984615,0.011577994915390171,-24.26742736127666,panel2d,converged,160,0.0,2.0799983758479357e-05,7bf104ac3199,42,phase1
baseline_phase1_20260609T045424Z_7bf104ac3199,wing_000003,v25_a0,2026-06-09T04:54:26.485121+00:00,1.9732580381596192,0.30551308443194275,0.27893204244181724,0.9129954056156085,4.600910058940816,3.0736447194229264,NACA0012,0.5766305222334327,6.7525861622449375,0.29242405135558913,25.0,0.0,1.225,0.12468264150911929,0.008062130592805654,15.465222260277134,panel2d,converged,160,0.0,2.3300002794712782e-05,7bf104ac3199,42,phase1
baseline_phase1_20260609T045424Z_7bf104ac3199,wing_000003,v25_a5,2026-06-09T04:54:26.485124+00:00,1.9732580381596192,0.30551308443194275,0.27893204244181724,0.9129954056156085,4.600910058940816,3.0736447194229264,NACA0012,0.5766305222334327,6.7525861622449375,0.29242405135558913,25.0,5.0,1.225,0.5303334336167,0.022797646781563152,23.26263928457694,panel2d,converged,160,0.0,1.98000343516469e-05,7bf104ac3199,42,phase1
baseline_phase1_20260609T045424Z_7bf104ac3199,wing_000003,v25_a10,2026-06-09T04:54:26.485127+00:00,1.9732580381596192,0.30551308443194275,0.27893204244181724,0.9129954056156085,4.600910058940816,3.0736447194229264,NACA0012,0.5766305222334327,6.7525861622449375,0.29242405135558913,25.0,10.0,1.225,0.9359842257242807,0.05578454348166265,16.778558491420746,panel2d,converged,160,0.0,3.0099996365606785e-05,7bf104ac3199,42,phase1
baseline_phase1_20260609T045424Z_7bf104ac3199,wing_000003,v25_a15,2026-06-09T04:54:26.485130+00:00,1.9732580381596192,0.30551308443194275,0.27893204244181724,0.9129954056156085,4.600910058940816,3.0736447194229264,NACA0012,0.5766305222334327,6.7525861622449375,0.29242405135558913,25.0,15.0,1.225,1.3416350178318617,0.1070228206931042,12.535971385757984,panel2d,converged,160,0.0,2.0799983758479357e-05,7bf104ac3199,42,phase1
baseline_phase1_20260609T045424Z_7bf104ac3199,wing_000004,v15_a-5,2026-06-09T04:54:26.485132+00:00,1.7469527939545944,0.3277920049545576,0.05608245962037399,0.1710916031284802,1.7838934733472516,0.881456723282918,NACA2412,0.33530528420850036,9.101687948371426,0.2239902790682049,15.0,-5.0,1.225,-0.2229190766416864,0.009244578223786092,-24.11349347102939,panel2d,converged,160,0.0,2.8100039344280958e-05,7bf104ac3199,42,phase1
baseline_phase1_20260609T045424Z_7bf104ac3199,wing_000004,v15_a0,2026-06-09T04:54:26.485135+00:00,1.7469527939545944,0.3277920049545576,0.05608245962037399,0.1710916031284802,1.7838934733472516,0.881456723282918,NACA2412,0.33530528420850036,9.101687948371426,0.2239902790682049,15.0,0.0,1.225,0.21259365538050265,0.009059558556718448,23.466226753713737,panel2d,converged,160,0.0,2.0000035874545574e-05,7bf104ac3199,42,phase1
baseline_phase1_20260609T045424Z_7bf104ac3199,wing_000004,v15_a5,2026-06-09T04:54:26.485139+00:00,1.7469527939545944,0.3277920049545576,0.05608245962037399,0.1710916031284802,1.7838934733472516,0.881456723282918,NACA2412,0.33530528420850036,9.101687948371426,0.2239902790682049,15.0,5.0,1.225,0.6481063874026917,0.024482312876632446,26.47243300371705,panel2d,converged,160,0.0,1.9300030544400215e-05,7bf104ac3199,42,phase1
baseline_phase1_20260609T045424Z_7bf104ac3199,wing_000004,v15_a10,2026-06-09T04:54:26.485142+00:00,1.7469527939545944,0.3277920049545576,0.05608245962037399,0.1710916031284802,1.7838934733472516,0.881456723282918,NACA2412,0.33530528420850036,9.101687948371426,0.2239902790682049,15.0,10.0,1.225,1.0836191194248805,0.05551284118352806,19.520152388568707,panel2d,converged,160,0.0,1.839996548369527e-05,7bf104ac3199,42,phase1
baseline_phase1_20260609T045424Z_7bf104ac3199,wing_000004,v15_a15,2026-06-09T04:54:26.485145+00:00,1.7469527939545944,0.3277920049545576,0.05608245962037399,0.1710916031284802,1.7838934733472516,0.881456723282918,NACA2412,0.33530528420850036,9.101687948371426,0.2239902790682049,15.0,15.0,1.225,1.4,0.08784275038667415,15.937570190338457,panel2d,stall_limited,160,0.0,2.19999928958714e-05,7bf104ac3199,42,phase1
baseline_phase1_20260609T045424Z_7bf104ac3199,wing_000004,v20_a-5,2026-06-09T04:54:26.485148+00:00,1.7469527939545944,0.3277920049545576,0.05608245962037399,0.1710916031284802,1.7838934733472516,0.881456723282918,NACA2412,0.33530528420850036,9.101687948371426,0.2239902790682049,20.0,-5.0,1.225,-0.2229190766416864,0.009244578223786092,-24.11349347102939,panel2d,converged,160,0.0,2.1799991372972727e-05,7bf104ac3199,42,phase1
baseline_phase1_20260609T045424Z_7bf104ac3199,wing_000004,v20_a0,2026-06-09T04:54:26.485151+00:00,1.7469527939545944,0.3277920049545576,0.05608245962037399,0.1710916031284802,1.7838934733472516,0.881456723282918,NACA2412,0.33530528420850036,9.101687948371426,0.2239902790682049,20.0,0.0,1.225,0.21259365538050265,0.009059558556718448,23.466226753713737,panel2d,converged,160,0.0,1.7900019884109497e-05,7bf104ac3199,42,phase1
baseline_phase1_20260609T045424Z_7bf104ac3199,wing_000004,v20_a5,2026-06-09T04:54:26.485154+00:00,1.7469527939545944,0.3277920049545576,0.05608245962037399,0.1710916031284802,1.7838934733472516,0.881456723282918,NACA2412,0.33530528420850036,9.101687948371426,0.2239902790682049,20.0,5.0,1.225,0.6481063874026917,0.024482312876632446,26.47243300371705,panel2d,converged,160,0.0,1.810002140700817e-05,7bf104ac3199,42,phase1
baseline_phase1_20260609T045424Z_7bf104ac3199,wing_000004,v20_a10,2026-06-09T04:54:26.485157+00:00,1.7469527939545944,0.3277920049545576,0.05608245962037399,0.1710916031284802,1.7838934733472516,0.881456723282918,NACA2412,0.33530528420850036,9.101687948371426,0.2239902790682049,20.0,10.0,1.225,1.0836191194248805,0.05551284118352806,19.520152388568707,panel2d,converged,160,0.0,1.8700025975704193e-05,7bf104ac3199,42,phase1
baseline_phase1_20260609T045424Z_7bf104ac3199,wing_000004,v20_a15,2026-06-09T04:54:26.485160+00:00,1.7469527939545944,0.3277920049545576,0.05608245962037399,0.1710916031284802,1.7838934733472516,0.881456723282918,NACA2412,0.33530528420850036,9.101687948371426,0.2239902790682049,20.0,15.0,1.225,1.4,0.08784275038667415,15.937570190338457,panel2d,stall_limited,160,0.0,1.880002673715353e-05,7bf104ac3199,42,phase1
baseline_phase1_20260609T045424Z_7bf104ac3199,wing_000004,v25_a-5,2026-06-09T04:54:26.485163+00:00,1.7469527939545944,0.3277920049545576,0.05608245962037399,0.1710916031284802,1.7838934733472516,0.881456723282918,NACA2412,0.33530528420850036,9.101687948371426,0.2239902790682049,25.0,-5.0,1.225,-0.2229190766416864,0.009244578223786092,-24.11349347102939,panel2d,converged,160,0.0,2.2099993657320738e-05,7bf104ac3199,42,phase1
baseline_phase1_20260609T045424Z_7bf104ac3199,wing_000004,v25_a0,2026-06-09T04:54:26.485167+00:00,1.7469527939545944,0.3277920049545576,0.05608245962037399,0.1710916031284802,1.7838934733472516,0.881456723282918,NACA2412,0.33530528420850036,9.101687948371426,0.2239902790682049,25.0,0.0,1.225,0.21259365538050265,0.009059558556718448,23.466226753713737,panel2d,converged,160,0.0,2.069998299703002e-05,7bf104ac3199,42,phase1
baseline_phase1_20260609T045424Z_7bf104ac3199,wing_000004,v25_a5,2026-06-09T04:54:26.485170+00:00,1.7469527939545944,0.3277920049545576,0.05608245962037399,0.1710916031284802,1.7838934733472516,0.881456723282918,NACA2412,0.33530528420850036,9.101687948371426,0.2239902790682049,25.0,5.0,1.225,0.6481063874026917,0.024482312876632446,26.47243300371705,panel2d,converged,160,0.0,1.8000020645558834e-05,7bf104ac3199,42,phase1
baseline_phase1_20260609T045424Z_7bf104ac3199,wing_000004,v25_a10,2026-06-09T04:54:26.485173+00:00,1.7469527939545944,0.3277920049545576,0.05608245962037399,0.1710916031284802,1.7838934733472516,0.881456723282918,NACA2412,0.33530528420850036,9.101687948371426,0.2239902790682049,25.0,10.0,1.225,1.0836191194248805,0.05551284118352806,19.520152388568707,panel2d,converged,160,0.0,1.869996776804328e-05,7bf104ac3199,42,phase1
baseline_phase1_20260609T045424Z_7bf104ac3199,wing_000004,v25_a15,2026-06-09T04:54:26.485177+00:00,1.7469527939545944,0.3277920049545576,0.05608245962037399,0.1710916031284802,1.7838934733472516,0.881456723282918,NACA2412,0.33530528420850036,9.101687948371426,0.2239902790682049,25.0,15.0,1.225,1.4,0.08784275038667415,15.937570190338457,panel2d,stall_limited,160,0.0,1.8600025214254856e-05,7bf104ac3199,42,phase1
baseline_phase1_20260609T045424Z_7bf104ac3199,wing_000005,v15_a-5,2026-06-09T04:54:26.485180+00:00,1.1798598049690066,0.4894163386287351,0.2295238173721193,0.4689745708433185,29.370974255232007,-4.750114746906115,NACA4412,0.4241242961217776,3.2822197929019405,0.37512834061596917,15.0,-5.0,1.225,-0.19852077462135492,0.011696508966291489,-16.972651856505024,panel2d,converged,160,0.0,1.880002673715353e-05,7bf104ac3199,42,phase1
baseline_phase1_20260609T045424Z_7bf104ac3199,wing_000005,v15_a0,2026-06-09T04:54:26.485183+00:00,1.1798598049690066,0.4894163386287351,0.2295238173721193,0.4689745708433185,29.370974255232007,-4.750114746906115,NACA4412,0.4241242961217776,3.2822197929019405,0.37512834061596917,15.0,0.0,1.225,0.09557907710686354,0.008242291526198278,11.59617768954952,panel2d,converged,160,0.0,2.5800021830946207e-05,7bf104ac3199,42,phase1
baseline_phase1_20260609T045424Z_7bf104ac3199,wing_000005,v15_a5,2026-06-09T04:54:26.485187+00:00,1.1798598049690066,0.4894163386287351,0.2295238173721193,0.4689745708433185,29.370974255232007,-4.750114746906115,NACA4412,0.4241242961217776,3.2822197929019405,0.37512834061596917,15.0,5.0,1.225,0.38967892883508204,0.024525165303693176,15.888941991204495,panel2d,converged,160,0.0,2.0300038158893585e-05,7bf104ac3199,42,phase1
baseline_phase1_20260609T045424Z_7bf104ac3199,wing_000005,v15_a10,2026-06-09T04:54:26.485191+00:00,1.1798598049690066,0.4894163386287351,0.2295238173721193,0.4689745708433185,29.370974255232007,-4.750114746906115,NACA4412,0.4241242961217776,3.2822197929019405,0.37512834061596917,15.0,10.0,1.225,0.6837787805633005,0.06054513029877619,11.293704005409035,panel2d,converged,160,0.0,2.6899971999228e-05,7bf104ac3199,42,phase1
baseline_phase1_20260609T045424Z_7bf104ac3199,wing_000005,v15_a15,2026-06-09T04:54:26.485194+00:00,1.1798598049690066,0.4894163386287351,0.2295238173721193,0.4689745708433185,29.370974255232007,-4.750114746906115,NACA4412,0.4241242961217776,3.2822197929019405,0.37512834061596917,15.0,15.0,1.225,0.9778786322915191,0.1163021865114473,8.408084676854026,panel2d,converged,160,0.0,1.98000343516469e-05,7bf104ac3199,42,phase1
baseline_phase1_20260609T045424Z_7bf104ac3199,wing_000005,v20_a-5,2026-06-09T04:54:26.485197+00:00,1.1798598049690066,0.4894163386287351,0.2295238173721193,0.4689745708433185,29.370974255232007,-4.750114746906115,NACA4412,0.4241242961217776,3.2822197929019405,0.37512834061596917,20.0,-5.0,1.225,-0.19852077462135492,0.011696508966291489,-16.972651856505024,panel2d,converged,160,0.0,1.969997538253665e-05,7bf104ac3199,42,phase1
baseline_phase1_20260609T045424Z_7bf104ac3199,wing_000005,v20_a0,2026-06-09T04:54:26.485200+00:00,1.1798598049690066,0.4894163386287351,0.2295238173721193,0.4689745708433185,29.370974255232007,-4.750114746906115,NACA4412,0.4241242961217776,3.2822197929019405,0.37512834061596917,20.0,0.0,1.225,0.09557907710686354,0.008242291526198278,11.59617768954952,panel2d,converged,160,0.0,2.0599982235580683e-05,7bf104ac3199,42,phase1
baseline_phase1_20260609T045424Z_7bf104ac3199,wing_000005,v20_a5,2026-06-09T04:54:26.485203+00:00,1.1798598049690066,0.4894163386287351,0.2295238173721193,0.4689745708433185,29.370974255232007,-4.750114746906115,NACA4412,0.4241242961217776,3.2822197929019405,0.37512834061596917,20.0,5.0,1.225,0.38967892883508204,0.024525165303693176,15.888941991204495,panel2d,converged,160,0.0,2.0199979189783335e-05,7bf104ac3199,42,phase1
baseline_phase1_20260609T045424Z_7bf104ac3199,wing_000005,v20_a10,2026-06-09T04:54:26.485206+00:00,1.1798598049690066,0.4894163386287351,0.2295238173721193,0.4689745708433185,29.370974255232007,-4.750114746906115,NACA4412,0.4241242961217776,3.2822197929019405,0.37512834061596917,20.0,10.0,1.225,0.6837787805633005,0.06054513029877619,11.293704005409035,panel2d,converged,160,0.0,1.8600025214254856e-05,7bf104ac3199,42,phase1
baseline_phase1_20260609T045424Z_7bf104ac3199,wing_000005,v20_a15,2026-06-09T04:54:26.485209+00:00,1.1798598049690066,0.4894163386287351,0.2295238173721193,0.4689745708433185,29.370974255232007,-4.750114746906115,NACA4412,0.4241242961217776,3.2822197929019405,0.37512834061596917,20.0,15.0,1.225,0.9778786322915191,0.1163021865114473,8.408084676854026,panel2d,converged,160,0.0,1.8000020645558834e-05,7bf104ac3199,42,phase1
baseline_phase1_20260609T045424Z_7bf104ac3199,wing_000005,v25_a-5,2026-06-09T04:54:26.485212+00:00,1.1798598049690066,0.4894163386287351,0.2295238173721193,0.4689745708433185,29.370974255232007,-4.750114746906115,NACA4412,0.4241242961217776,3.2822197929019405,0.37512834061596917,25.0,-5.0,1.225,-0.19852077462135492,0.011696508966291489,-16.972651856505024,panel2d,converged,160,0.0,1.839996548369527e-05,7bf104ac3199,42,phase1
baseline_phase1_20260609T045424Z_7bf104ac3199,wing_000005,v25_a0,2026-06-09T04:54:26.485216+00:00,1.1798598049690066,0.4894163386287351,0.2295238173721193,0.4689745708433185,29.370974255232007,-4.750114746906115,NACA4412,0.4241242961217776,3.2822197929019405,0.37512834061596917,25.0,0.0,1.225,0.09557907710686354,0.008242291526198278,11.59617768954952,panel2d,converged,160,0.0,2.1899992134422064e-05,7bf104ac3199,42,phase1
baseline_phase1_20260609T045424Z_7bf104ac3199,wing_000005,v25_a5,2026-06-09T04:54:26.485219+00:00,1.1798598049690066,0.4894163386287351,0.2295238173721193,0.4689745708433185,29.370974255232007,-4.750114746906115,NACA4412,0.4241242961217776,3.2822197929019405,0.37512834061596917,25.0,5.0,1.225,0.38967892883508204,0.024525165303693176,15.888941991204495,panel2d,converged,160,0.0,1.950003206729889e-05,7bf104ac3199,42,phase1
baseline_phase1_20260609T045424Z_7bf104ac3199,wing_000005,v25_a10,2026-06-09T04:54:26.485222+00:00,1.1798598049690066,0.4894163386287351,0.2295238173721193,0.4689745708433185,29.370974255232007,-4.750114746906115,NACA4412,0.4241242961217776,3.2822197929019405,0.37512834061596917,25.0,10.0,1.225,0.6837787805633005,0.06054513029877619,11.293704005409035,panel2d,converged,160,0.0,2.1199986804276705e-05,7bf104ac3199,42,phase1
baseline_phase1_20260609T045424Z_7bf104ac3199,wing_000005,v25_a15,2026-06-09T04:54:26.485225+00:00,1.1798598049690066,0.4894163386287351,0.2295238173721193,0.4689745708433185,29.370974255232007,-4.750114746906115,NACA4412,0.4241242961217776,3.2822197929019405,0.37512834061596917,25.0,15.0,1.225,0.9778786322915191,0.1163021865114473,8.408084676854026,panel2d,converged,160,0.0,2.010003663599491e-05,7bf104ac3199,42,phase1
baseline_phase1_20260609T045424Z_7bf104ac3199,wing_000006,v15_a-5,2026-06-09T04:54:26.485228+00:00,1.845142462748794,0.4401353174615903,0.09583503136646981,0.21773992580096266,18.122543235216888,-0.41893642925995955,NACA0012,0.4944708246984685,6.885240822681099,0.3048475018619272,15.0,-5.0,1.225,-0.4098347660724977,0.01633544400073359,-25.088682380111177,panel2d,converged,160,0.0,2.6100024115294218e-05,7bf104ac3199,42,phase1
baseline_phase1_20260609T045424Z_7bf104ac3199,wing_000006,v15_a0,2026-06-09T04:54:26.485231+00:00,1.845142462748794,0.4401353174615903,0.09583503136646981,0.21773992580096266,18.122543235216888,-0.41893642925995955,NACA0012,0.4944708246984685,6.885240822681099,0.3048475018619272,15.0,0.0,1.225,-0.016479101744284103,0.007214769953800031,-2.284078612320069,panel2d,converged,160,0.0,1.939997309818864e-05,7bf104ac3199,42,phase1
baseline_phase1_20260609T045424Z_7bf104ac3199,wing_000006,v15_a5,2026-06-09T04:54:26.485234+00:00,1.845142462748794,0.4401353174615903,0.09583503136646981,0.21773992580096266,18.122543235216888,-0.41893642925995955,NACA0012,0.4944708246984685,6.885240822681099,0.3048475018619272,15.0,5.0,1.225,0.37687656258392943,0.014925210584067306,25.251004698469444,panel2d,converged,160,0.0,2.0599982235580683e-05,7bf104ac3199,42,phase1
baseline_phase1_20260609T045424Z_7bf104ac3199,wing_000006,v15_a10,2026-06-09T04:54:26.485238+00:00,1.845142462748794,0.4401353174615903,0.09583503136646981,0.21773992580096266,18.122543235216888,-0.41893642925995955,NACA0012,0.4944708246984685,6.885240822681099,0.3048475018619272,15.0,10.0,1.225,0.7702322269121431,0.039466765891535416,19.51597019702437,panel2d,converged,160,0.0,2.110004425048828e-05,7bf104ac3199,42,phase1
baseline_phase1_20260609T045424Z_7bf104ac3199,wing_000006,v15_a15,2026-06-09T04:54:26.485241+00:00,1.845142462748794,0.4401353174615903,0.09583503136646981,0.21773992580096266,18.122543235216888,-0.41893642925995955,NACA0012,0.4944708246984685,6.885240822681099,0.3048475018619272,15.0,15.0,1.225,1.1635878912403566,0.08083943587620435,14.393815080825753,panel2d,converged,160,0.0,1.9300030544400215e-05,7bf104ac3199,42,phase1
baseline_phase1_20260609T045424Z_7bf104ac3199,wing_000006,v20_a-5,2026-06-09T04:54:26.485244+00:00,1.845142462748794,0.4401353174615903,0.09583503136646981,0.21773992580096266,18.122543235216888,-0.41893642925995955,NACA0012,0.4944708246984685,6.885240822681099,0.3048475018619272,20.0,-5.0,1.225,-0.4098347660724977,0.01633544400073359,-25.088682380111177,panel2d,converged,160,0.0,2.0199979189783335e-05,7bf104ac3199,42,phase1
baseline_phase1_20260609T045424Z_7bf104ac3199,wing_000006,v20_a0,2026-06-09T04:54:26.485247+00:00,1.845142462748794,0.4401353174615903,0.09583503136646981,0.21773992580096266,18.122543235216888,-0.41893642925995955,NACA0012,0.4944708246984685,6.885240822681099,0.3048475018619272,20.0,0.0,1.225,-0.016479101744284103,0.007214769953800031,-2.284078612320069,panel2d,converged,160,0.0,2.4799956008791924e-05,7bf104ac3199,42,phase1
baseline_phase1_20260609T045424Z_7bf104ac3199,wing_000006,v20_a5,2026-06-09T04:54:26.485250+00:00,1.845142462748794,0.4401353174615903,0.09583503136646981,0.21773992580096266,18.122543235216888,-0.41893642925995955,NACA0012,0.4944708246984685,6.885240822681099,0.3048475018619272,20.0,5.0,1.225,0.37687656258392943,0.014925210584067306,25.251004698469444,panel2d,converged,160,0.0,1.9799976143985987e-05,7bf104ac3199,42,phase1
baseline_phase1_20260609T045424Z_7bf104ac3199,wing_000006,v20_a10,2026-06-09T04:54:26.485253+00:00,1.845142462748794,0.4401353174615903,0.09583503136646981,0.21773992580096266,18.122543235216888,-0.41893642925995955,NACA0012,0.4944708246984685,6.885240822681099,0.3048475018619272,20.0,10.0,1.225,0.7702322269121431,0.039466765891535416,19.51597019702437,panel2d,converged,160,0.0,2.0799983758479357e-05,7bf104ac3199,42,phase1
baseline_phase1_20260609T045424Z_7bf104ac3199,wing_000006,v20_a15,2026-06-09T04:54:26.485256+00:00,1.845142462748794,0.4401353174615903,0.09583503136646981,0.21773992580096266,18.122543235216888,-0.41893642925995955,NACA0012,0.4944708246984685,6.885240822681099,0.3048475018619272,20.0,15.0,1.225,1.1635878912403566,0.08083943587620435,14.393815080825753,panel2d,converged,160,0.0,1.910002902150154e-05,7bf104ac3199,42,phase1
baseline_phase1_20260609T045424Z_7bf104ac3199,wing_000006,v25_a-5,2026-06-09T04:54:26.485259+00:00,1.845142462748794,0.4401353174615903,0.09583503136646981,0.21773992580096266,18.122543235216888,-0.41893642925995955,NACA0012,0.4944708246984685,6.885240822681099,0.3048475018619272,25.0,-5.0,1.225,-0.4098347660724977,0.01633544400073359,-25.088682380111177,panel2d,converged,160,0.0,2.3800006601959467e-05,7bf104ac3199,42,phase1
baseline_phase1_20260609T045424Z_7bf104ac3199,wing_000006,v25_a0,2026-06-09T04:54:26.485262+00:00,1.845142462748794,0.4401353174615903,0.09583503136646981,0.21773992580096266,18.122543235216888,-0.41893642925995955,NACA0012,0.4944708246984685,6.885240822681099,0.3048475018619272,25.0,0.0,1.225,-0.016479101744284103,0.007214769953800031,-2.284078612320069,panel2d,converged,160,0.0,1.8400023691356182e-05,7bf104ac3199,42,phase1
baseline_phase1_20260609T045424Z_7bf104ac3199,wing_000006,v25_a5,2026-06-09T04:54:26.485265+00:00,1.845142462748794,0.4401353174615903,0.09583503136646981,0.21773992580096266,18.122543235216888,-0.41893642925995955,NACA0012,0.4944708246984685,6.885240822681099,0.3048475018619272,25.0,5.0,1.225,0.37687656258392943,0.014925210584067306,25.251004698469444,panel2d,converged,160,0.0,2.519995905458927e-05,7bf104ac3199,42,phase1
baseline_phase1_20260609T045424Z_7bf104ac3199,wing_000006,v25_a10,2026-06-09T04:54:26.485268+00:00,1.845142462748794,0.4401353174615903,0.09583503136646981,0.21773992580096266,18.122543235216888,-0.41893642925995955,NACA0012,0.4944708246984685,6.885240822681099,0.3048475018619272,25.0,10.0,1.225,0.7702322269121431,0.039466765891535416,19.51597019702437,panel2d,converged,160,0.0,2.1599989850074053e-05,7bf104ac3199,42,phase1
baseline_phase1_20260609T045424Z_7bf104ac3199,wing_000006,v25_a15,2026-06-09T04:54:26.485271+00:00,1.845142462748794,0.4401353174615903,0.09583503136646981,0.21773992580096266,18.122543235216888,-0.41893642925995955,NACA0012,0.4944708246984685,6.885240822681099,0.3048475018619272,25.0,15.0,1.225,1.1635878912403566,0.08083943587620435,14.393815080825753,panel2d,converged,160,0.0,2.0700041204690933e-05,7bf104ac3199,42,phase1
baseline_phase1_20260609T045424Z_7bf104ac3199,wing_000007,v15_a-5,2026-06-09T04:54:26.485274+00:00,1.4621710036324205,0.21314937119869573,0.1138688676808509,0.5342209880352097,10.011802480059412,-1.516344528122327,NACA2412,0.23907829327430666,8.94244314104446,0.16853259988973654,15.0,-5.0,1.225,-0.3223328790478649,0.011550951364438879,-27.905310037077033,panel2d,converged,160,0.0,3.539997851476073e-05,7bf104ac3199,42,phase1
baseline_phase1_20260609T045424Z_7bf104ac3199,wing_000007,v15_a0,2026-06-09T04:54:26.485278+00:00,1.4621710036324205,0.21314937119869573,0.1138688676808509,0.5342209880352097,10.011802480059412,-1.516344528122327,NACA2412,0.23907829327430666,8.94244314104446,0.16853259988973654,15.0,0.0,1.225,0.10650972900696776,0.007675065588764677,13.877370528648576,panel2d,converged,160,0.0,2.0300038158893585e-05,7bf104ac3199,42,phase1
baseline_phase1_20260609T045424Z_7bf104ac3199,wing_000007,v15_a5,2026-06-09T04:54:26.485281+00:00,1.4621710036324205,0.21314937119869573,0.1138688676808509,0.5342209880352097,10.011802480059412,-1.516344528122327,NACA2412,0.23907829327430666,8.94244314104446,0.16853259988973654,15.0,5.0,1.225,0.5353523370618004,0.019202022040606725,27.879998050709712,panel2d,converged,160,0.0,1.839996548369527e-05,7bf104ac3199,42,phase1
baseline_phase1_20260609T045424Z_7bf104ac3199,wing_000007,v15_a10,2026-06-09T04:54:26.485284+00:00,1.4621710036324205,0.21314937119869573,0.1138688676808509,0.5342209880352097,10.011802480059412,-1.516344528122327,NACA2412,0.23907829327430666,8.94244314104446,0.16853259988973654,15.0,10.0,1.225,0.9641949451166331,0.04613182071996502,20.900864740839218,panel2d,converged,160,0.0,1.9899976905435324e-05,7bf104ac3199,42,phase1
baseline_phase1_20260609T045424Z_7bf104ac3199,wing_000007,v15_a15,2026-06-09T04:54:26.485288+00:00,1.4621710036324205,0.21314937119869573,0.1138688676808509,0.5342209880352097,10.011802480059412,-1.516344528122327,NACA2412,0.23907829327430666,8.94244314104446,0.16853259988973654,15.0,15.0,1.225,1.3930375531714656,0.08846446162683956,15.7468606890705,panel2d,converged,160,0.0,1.92999723367393e-05,7bf104ac3199,42,phase1
baseline_phase1_20260609T045424Z_7bf104ac3199,wing_000007,v20_a-5,2026-06-09T04:54:26.485291+00:00,1.4621710036324205,0.21314937119869573,0.1138688676808509,0.5342209880352097,10.011802480059412,-1.516344528122327,NACA2412,0.23907829327430666,8.94244314104446,0.16853259988973654,20.0,-5.0,1.225,-0.3223328790478649,0.011550951364438879,-27.905310037077033,panel2d,converged,160,0.0,1.939997309818864e-05,7bf104ac3199,42,phase1
baseline_phase1_20260609T045424Z_7bf104ac3199,wing_000007,v20_a0,2026-06-09T04:54:26.485294+00:00,1.4621710036324205,0.21314937119869573,0.1138688676808509,0.5342209880352097,10.011802480059412,-1.516344528122327,NACA2412,0.23907829327430666,8.94244314104446,0.16853259988973654,20.0,0.0,1.225,0.10650972900696776,0.007675065588764677,13.877370528648576,panel2d,converged,160,0.0,2.6899971999228e-05,7bf104ac3199,42,phase1
baseline_phase1_20260609T045424Z_7bf104ac3199,wing_000007,v20_a5,2026-06-09T04:54:26.485297+00:00,1.4621710036324205,0.21314937119869573,0.1138688676808509,0.5342209880352097,10.011802480059412,-1.516344528122327,NACA2412,0.23907829327430666,8.94244314104446,0.16853259988973654,20.0,5.0,1.225,0.5353523370618004,0.019202022040606725,27.879998050709712,panel2d,converged,160,0.0,1.829996472224593e-05,7bf104ac3199,42,phase1
baseline_phase1_20260609T045424Z_7bf104ac3199,wing_000007,v20_a10,2026-06-09T04:54:26.485301+00:00,1.4621710036324205,0.21314937119869573,0.1138688676808509,0.5342209880352097,10.011802480059412,-1.516344528122327,NACA2412,0.23907829327430666,8.94244314104446,0.16853259988973654,20.0,10.0,1.225,0.9641949451166331,0.04613182071996502,20.900864740839218,panel2d,converged,160,0.0,1.839996548369527e-05,7bf104ac3199,42,phase1
baseline_phase1_20260609T045424Z_7bf104ac3199,wing_000007,v20_a15,2026-06-09T04:54:26.485304+00:00,1.4621710036324205,0.21314937119869573,0.1138688676808509,0.5342209880352097,10.011802480059412,-1.516344528122327,NACA2412,0.23907829327430666,8.94244314104446,0.16853259988973654,20.0,15.0,1.225,1.3930375531714656,0.08846446162683956,15.7468606890705,panel2d,converged,160,0.0,2.0900042727589607e-05,7bf104ac3199,42,phase1
baseline_phase1_20260609T045424Z_7bf104ac3199,wing_000007,v25_a-5,2026-06-09T04:54:26.485307+00:00,1.4621710036324205,0.21314937119869573,0.1138688676808509,0.5342209880352097,10.011802480059412,-1.516344528122327,NACA2412,0.23907829327430666,8.94244314104446,0.16853259988973654,25.0,-5.0,1.225,-0.3223328790478649,0.011550951364438879,-27.905310037077033,panel2d,converged,160,0.0,1.899997005239129e-05,7bf104ac3199,42,phase1
baseline_phase1_20260609T045424Z_7bf104ac3199,wing_000007,v25_a0,2026-06-09T04:54:26.485310+00:00,1.4621710036324205,0.21314937119869573,0.1138688676808509,0.5342209880352097,10.011802480059412,-1.516344528122327,NACA2412,0.23907829327430666,8.94244314104446,0.16853259988973654,25.0,0.0,1.225,0.10650972900696776,0.007675065588764677,13.877370528648576,panel2d,converged,160,0.0,2.0799983758479357e-05,7bf104ac3199,42,phase1
baseline_phase1_20260609T045424Z_7bf104ac3199,wing_000007,v25_a5,2026-06-09T04:54:26.485313+00:00,1.4621710036324205,0.21314937119869573,0.1138688676808509,0.5342209880352097,10.011802480059412,-1.516344528122327,NACA2412,0.23907829327430666,8.94244314104446,0.16853259988973654,25.0,5.0,1.225,0.5353523370618004,0.019202022040606725,27.879998050709712,panel2d,converged,160,0.0,1.9499973859637976e-05,7bf104ac3199,42,phase1
baseline_phase1_20260609T045424Z_7bf104ac3199,wing_000007,v25_a10,2026-06-09T04:54:26.485316+00:00,1.4621710036324205,0.21314937119869573,0.1138688676808509,0.5342209880352097,10.011802480059412,-1.516344528122327,NACA2412,0.23907829327430666,8.94244314104446,0.16853259988973654,25.0,10.0,1.225,0.9641949451166331,0.04613182071996502,20.900864740839218,panel2d,converged,160,0.0,1.8899969290941954e-05,7bf104ac3199,42,phase1
baseline_phase1_20260609T045424Z_7bf104ac3199,wing_000007,v25_a15,2026-06-09T04:54:26.485319+00:00,1.4621710036324205,0.21314937119869573,0.1138688676808509,0.5342209880352097,10.011802480059412,-1.516344528122327,NACA2412,0.23907829327430666,8.94244314104446,0.16853259988973654,25.0,15.0,1.225,1.3930375531714656,0.08846446162683956,15.7468606890705,panel2d,converged,160,0.0,2.7800037059932947e-05,7bf104ac3199,42,phase1
