eval_index,span_m,root_chord_m,tip_chord_m,sweep_deg,twist_deg,airfoil_id,feasible,penalty,cost,obj_cl,obj_cd,CL,CD,LD,wing_area_m2,aspect_ratio
993,2.0,0.15,0.05124888471415445,9.857656161945561,5.0,NACA4412,True,0.0,-37.59152397934712,-1.0149618237574078,0.028476053160784377,1.0149618237574078,0.028476053160784377,37.59152397934712,0.20124888471415445,19.87588654556488
873,2.0,0.15,0.051733184270397546,10.99726796374695,4.467413815155659,NACA4412,True,0.0,-37.836892151214265,-0.9867042030250343,0.02746026619792702,0.9867042030250343,0.02746026619792702,37.836892151214265,0.20173318427039755,19.828170632742857
863,1.956282797926596,0.15,0.05,8.630383252981373,3.336082444052076,NACA4412,True,0.0,-37.94835034049415,-0.9368139259385565,0.02591704071159806,0.9368139259385565,0.02591704071159806,37.94835034049415,0.19562827979265962,19.562827979265958
761,2.0,0.15,0.05075495816031493,18.636550660632928,3.7428011040619626,NACA4412,True,0.0,-38.62263515972285,-0.9225280067917491,0.024946381386733538,0.9225280067917491,0.024946381386733538,38.62263515972285,0.2007549581603149,19.92478809318253
936,1.997799759152111,0.15484973245201886,0.05,29.795924274786252,5.0,NACA4412,True,0.0,-38.48633706587637,-0.9045407056300273,0.024428538980086456,0.9045407056300273,0.024428538980086456,38.48633706587637,0.20462437307750886,19.50502678464613
984,2.0,0.15,0.05331236053314448,20.789397716047716,3.2555253989847537,NACA4412,True,0.0,-38.60544838880642,-0.8877969627165511,0.023928849369606837,0.8877969627165511,0.023928849369606837,38.60544838880642,0.20331236053314447,19.67416043722492
864,1.9346368442933275,0.15,0.05,23.168399782525178,3.2000667522891333,NACA4412,True,0.0,-38.37278686805095,-0.870522781455807,0.02356646956997054,0.870522781455807,0.02356646956997054,38.37278686805095,0.19346368442933276,19.346368442933276
934,1.966875181996746,0.15,0.05,17.842994600534464,2.415929580785155,NACA4412,True,0.0,-38.66258693051912,-0.8629307235815858,0.02316135773609339,0.8629307235815858,0.02316135773609339,38.66258693051912,0.19668751819967462,19.668751819967458
806,2.0,0.15,0.05097694928658161,21.097708823096845,2.5129246947371247,NACA4412,True,0.0,-39.0550124065858,-0.8529622086997092,0.022593348426034363,0.8529622086997092,0.022593348426034363,39.0550124065858,0.2009769492865816,19.902779966553425
807,2.0,0.15,0.05,24.316581787347253,2.0152342519816826,NACA4412,True,0.0,-39.364495020084114,-0.813000864479181,0.021203100277444275,0.813000864479181,0.021203100277444275,39.364495020084114,0.2,20.0
951,1.9852931049866596,0.15,0.05,18.647362771122836,5.0,NACA2412,True,0.0,-38.989340891633724,-0.7940295944407737,0.020848468740631274,0.7940295944407737,0.020848468740631274,38.989340891633724,0.19852931049866596,19.852931049866594
881,1.9946491685573804,0.15,0.05220235324195777,18.645693979409426,0.8100604589827585,NACA4412,True,0.0,-38.837463007121094,-0.7846682328589244,0.02065131808295976,0.7846682328589244,0.02065131808295976,38.837463007121094,0.2016613778872084,19.72923792999144
962,1.9999051309417135,0.15,0.05348100063024186,27.648923599085304,1.4782598733393397,NACA4412,True,0.0,-39.11206984638256,-0.7675335364135311,0.019990519653971882,0.7675335364135311,0.019990519653971882,39.11206984638256,0.20347134860478736,19.656922511167195
985,1.9999872834702785,0.15,0.050942886442954784,26.961472117491844,1.0103760707500138,NACA4412,True,0.0,-39.29270376048063,-0.7520883326416842,0.01941012615221452,0.7520883326416842,0.01941012615221452,39.29270376048063,0.2009416087948609,19.906027218714712
979,1.9838307154678978,0.15,0.05,30.0,4.900013914695169,NACA2412,True,0.0,-39.281979527367405,-0.7277485552051436,0.018690946642810447,0.7277485552051436,0.018690946642810447,39.281979527367405,0.1983830715467898,19.838307154678976
991,1.9849496224213972,0.15,0.05,29.162259838313805,0.586231135635368,NACA4412,True,0.0,-39.18602229896751,-0.7196685935050783,0.018486620224813708,0.7196685935050783,0.018486620224813708,39.18602229896751,0.19849496224213972,19.849496224213972
820,1.997330469037209,0.15,0.05,28.99508374869083,4.23932336475552,NACA2412,True,0.0,-39.18962240208257,-0.7060643254550606,0.018059194469363233,0.7060643254550606,0.018059194469363233,39.18962240208257,0.1997330469037209,19.97330469037209
961,2.0,0.15,0.05,26.979401521139337,-0.5421163653509474,NACA4412,True,0.0,-38.831693309720656,-0.6836548749360803,0.0175140067272405,0.6836548749360803,0.0175140067272405,38.831693309720656,0.2,20.0
822,1.9847619680225796,0.15,0.05,30.0,3.605523462437654,NACA2412,True,0.0,-38.77704457052449,-0.6720345667677066,0.017214227896832652,0.6720345667677066,0.017214227896832652,38.77704457052449,0.19847619680225798,19.847619680225797
733,2.0,0.15163098716291296,0.054785763407493325,28.253111111444962,-1.3154048485015442,NACA4412,True,0.0,-37.73128181482075,-0.6407198937720799,0.016702978423401585,0.6407198937720799,0.016702978423401585,37.73128181482075,0.2064167505704063,19.37827230080171
994,1.9713400418096756,0.15096890927542325,0.05,30.0,2.8230704915824916,NACA2412,True,0.0,-38.05262744300247,-0.6376452944294803,0.01646825404493842,0.6376452944294803,0.01646825404493842,38.05262744300247,0.1980890290067289,19.618358371124955
861,2.0,0.1516452813058973,0.05514756048338028,27.65947580431225,-1.9185440051164881,NACA4412,True,0.0,-37.210852997883556,-0.6173533234623324,0.016166303469285038,0.6173533234623324,0.016166303469285038,37.210852997883556,0.2067928417892776,19.343029310830836
939,1.9994987637884225,0.15068595768639242,0.05035469232176244,24.689530704055933,5.0,NACA0012,True,0.0,-36.60956378386053,-0.5847925465711584,0.015263681564544329,0.5847925465711584,0.015263681564544329,36.60956378386053,0.20099026558126326,19.89148725600834
938,2.0,0.15,0.051353606671007114,30.0,-2.8979096832704436,NACA4412,True,0.0,-36.58260719080615,-0.5642744124784443,0.014694040514445091,0.5642744124784443,0.014694040514445091,36.58260719080615,0.2013536066710071,19.86554929972337
986,1.969465606930264,0.15,0.05025730316135782,21.78078674477942,-0.8027209900953198,NACA2412,True,0.0,-33.79285410581906,-0.5131283901919251,0.013918862009584506,0.5131283901919251,0.013918862009584506,33.79285410581906,0.19719993555645074,19.66935113815412
954,1.9999659713052993,0.15,0.05105252255976976,29.989644128305603,-4.435739384067933,NACA4412,True,0.0,-34.34100889174022,-0.4981595635340657,0.013361478421319456,0.4981595635340657,0.013361478421319456,34.34100889174022,0.20104910178231525,19.89496024065792
858,2.0,0.15001437917270707,0.05,29.415186373786515,-0.7728767334702465,NACA2412,True,0.0,-33.85064103940059,-0.4863868324776723,0.013129426193205786,0.4863868324776723,0.013129426193205786,33.85064103940059,0.2000143791727071,19.998562186102163
904,2.0,0.15,0.05257524934868412,22.477119119500617,2.066092446449516,NACA0012,True,0.0,-31.613507845284712,-0.4594195775989875,0.01288847415340944,0.4594195775989875,0.01288847415340944,31.613507845284712,0.20257524934868412,19.745748865474532
904,2.0,0.15,0.05257524934868412,22.477119119500617,2.066092446449516,NACA0012,True,0.0,-31.613507845284712,-0.4594195775989875,0.01288847415340944,0.4594195775989875,0.01288847415340944,31.613507845284712,0.20257524934868412,19.745748865474532
937,1.9893305801460877,0.15,0.05153453657252441,30.0,1.7906146515115189,NACA0012,True,0.0,-30.735081896078427,-0.42141171416059375,0.01206808651834707,0.42141171416059375,0.01206808651834707,30.735081896078427,0.20045940827964645,19.741832977894635
937,1.9893305801460877,0.15,0.05153453657252441,30.0,1.7906146515115189,NACA0012,True,0.0,-30.735081896078427,-0.42141171416059375,0.01206808651834707,0.42141171416059375,0.01206808651834707,30.735081896078427,0.20045940827964645,19.741832977894635
974,1.9780725699941744,0.15,0.050098668436185954,28.474771323918635,-2.860801359245336,NACA2412,True,0.0,-29.312869583373324,-0.398774627286699,0.011750640171010837,0.398774627286699,0.011750640171010837,29.312869583373324,0.19790484366298927,19.770971845572348
652,1.9544498019554122,0.15,0.05,30.0,-3.2034756726160563,NACA2412,True,0.0,-28.26485219929059,-0.37826633374276025,0.011453297443394954,0.37826633374276025,0.011453297443394954,28.26485219929059,0.19544498019554124,19.54449801955412
910,1.9990106685326328,0.15,0.050287325192102356,30.0,-3.720579478615086,NACA2412,True,0.0,-27.19056945289179,-0.35673343996350426,0.011073401585408841,0.35673343996350426,0.011073401585408841,27.19056945289179,0.20018824991543868,19.961429577386525
924,1.999868868799671,0.15,0.05024739726786069,28.143242557424895,-4.609069448155869,NACA2412,True,0.0,-24.835580027390836,-0.32371525126325856,0.010699242995690151,0.32371525126325856,0.010699242995690151,24.835580027390836,0.20023426792707744,19.973981146177387
840,1.9708061287170882,0.15,0.05,23.899420263096133,-1.8632310043759375,NACA0012,True,0.0,-21.08595415834642,-0.27736031686607726,0.010317854058707934,0.27736031686607726,0.010317854058707934,21.08595415834642,0.19708061287170883,19.708061287170878
898,1.9880017306326214,0.15031654738889105,0.05164708187739207,26.547783571323496,-2.7318817371142154,NACA0012,True,0.0,-18.27857752549082,-0.2334414657673131,0.009830249716038813,0.2334414657673131,0.009830249716038813,18.27857752549082,0.200752022253108,19.68673010932577
534,1.9988019773783308,0.15124901403897154,0.05587561590609761,29.81778936936864,-3.130137707722964,NACA0012,True,0.0,-16.76656552580658,-0.20950948135193873,0.00958390525507387,0.20950948135193873,0.00958390525507387,16.76656552580658,0.20700055994897962,19.300476026520133
819,1.9998586487484815,0.15,0.051096825776671476,30.0,-4.402516246430843,NACA0012,True,0.0,-12.720013496984393,-0.15495203551286188,0.009142431121139922,0.15495203551286188,0.009142431121139922,12.720013496984393,0.20108261313267153,19.889509852029477
990,1.9973866341952744,0.15,0.05,30.0,-5.0,NACA0012,True,0.0,-10.680786893480317,-0.12926774809901606,0.008998528659769543,0.12926774809901606,0.008998528659769543,10.680786893480317,0.19973866341952745,19.973866341952743
